"sample_id","x","y","zone","disease","epithelial","APC","CTL","Treg","T_helper"
"S001",6.98673470877111,7.23574312636629,"High","Condition_B",-0.756028845642157,-0.270021714720277,0.460258588865318,0.498277794610687,0.942628004110726
"S002",5.56530505884439,8.57857943512499,"High","Condition_A",-1.22319609351503,-2.0154503568434,-0.34321990000798,-0.551370706313321,-2.75366368282778
"S003",1.40139957657084,1.86255502980202,"Low","Condition_B",1.2188546734124,1.1625470879838,1.31017306841866,0.796272049134139,-0.818166904418932
"S004",2.85723306238651,6.32698122179136,"Intermediate","Condition_A",-0.275189191368147,0.0805627091401231,1.87025983225772,-1.75365910523481,-1.50340531995303
"S005",5.55369009962305,7.18115824507549,"High","Condition_B",0.224645703914474,-0.335555034110785,-0.353148737013188,1.38091333401823,1.15059998086088
"S006",0.251311503816396,5.4180660401471,"Low","Condition_A",-0.123831496538446,-0.8179914123866,-2.78446254171006,1.93578886363592,0.957784698487287
"S007",4.66230554971844,2.04712598351762,"Intermediate","Condition_A",0.931572534253588,0.900516701829093,-0.1386849526986,0.474282674380591,-0.0597581453092445
"S008",8.61010685097426,8.99988988647237,"High","Condition_B",-1.74376317375716,-1.59588428421909,-1.39727678925918,1.00274445614026,-0.373081001692045
"S009",2.52501178765669,1.23584329150617,"Low","Condition_B",0.934371350176425,1.22612624052787,0.315462327146681,-0.118205241487394,1.06290526075152
"S010",5.80806337296963,9.51546946307644,"High","Condition_B",-0.38843806999478,-0.916311823051811,0.297513679163372,-0.677669536561184,-0.235643884782154
"S011",0.0593325681984425,7.81715126009658,"Intermediate","Condition_A",-1.55497909671869,-1.14528000233773,-0.938528607231146,-0.185507867298471,-0.151831555137415
"S012",6.9186593987979,9.62135964771733,"High","Condition_A",-2.16428921340702,-1.33967136313039,-1.09021523807049,-0.446224327135495,-0.589621811342529
"S013",2.31125046964735,1.14251927705482,"Low","Condition_B",1.36721438271109,0.426499406069003,0.21873757372244,0.31302903969611,0.586777397343036
"S014",8.48532462259755,9.7755213920027,"High","Condition_A",-1.6957044920912,-2.12008753996571,-0.58516525381607,-0.596021562206742,-2.29668445463022
"S015",1.53835240751505,6.20469501707703,"Intermediate","Condition_B",-0.113088270174104,-0.241938298758687,-0.434222575570813,-0.579488811253053,1.39866189497611
"S016",3.56809314806014,9.27427265560254,"High","Condition_B",-0.64512425987359,-1.12050393836647,-0.393170795372242,0.741071093737287,-0.412813993117943
"S017",5.4520450416021,2.02236712910235,"Intermediate","Condition_B",1.27087784222407,1.82835661169736,1.33283784614966,-0.947704703587873,0.982727157607756
"S018",0.0119761377573013,2.15529181761667,"Low","Condition_A",1.39192183905103,0.623307914722977,0.258122136495061,-0.227792794933161,-0.821023722870725
"S019",3.17824489902705,9.21925222733989,"High","Condition_B",-1.12063441156334,-2.01697798068507,-1.7498742049596,-0.290370940026445,-1.30425280164701
"S020",0.172893537674099,7.22115550888702,"Intermediate","Condition_B",-0.303120425286997,-0.280683367699123,0.415340433444958,1.04619895128505,0.822063932896847
"S021",3.41558025917038,7.61701388284564,"Intermediate","Condition_B",-0.353154503695527,-1.10382041947095,-2.70836951943687,1.80964326984759,0.192993710556273
"S022",3.43438799958676,2.85277450690046,"Low","Condition_B",1.54540633250878,1.14775941232809,0.817769058162492,0.706435207302251,1.00096613203105
"S023",2.32562693301588,3.43658880796283,"Low","Condition_B",0.160025517479065,0.995555852220244,0.969415130851697,-2.20639915658846,-1.22530257237415
"S024",0.613688277080655,3.4139341651462,"Low","Condition_A",0.247341435341328,0.34489903355247,1.81438366422783,-1.2617174652418,0.182233925880687
"S025",4.12376251770183,7.87959796842188,"High","Condition_B",-0.697125112071849,-1.51844193948788,-0.807058428903029,1.12208712671227,-0.738166071150427
"S026",1.85512177180499,3.64499991061166,"Low","Condition_B",0.545821139822682,0.662235906426029,0.344889066773733,1.21983287921669,-0.582078893380288
"S027",4.10672063706443,6.65122555103153,"Intermediate","Condition_A",-0.495412541589444,-0.809165585556359,0.451244359279434,-2.23788226572853,-0.568660917424101
"S028",1.40080855693668,3.72811760054901,"Low","Condition_B",0.735005203500363,0.493988619031756,0.673973288179464,-2.1103011787936,-0.390311440110743
"S029",0.0543451681733131,1.21020869351923,"Low","Condition_B",1.06812294459957,1.21283356229296,0.505276810283516,-1.03328402636259,-0.301644376719798
"S030",6.0173881566152,8.30846520140767,"High","Condition_B",-1.25171166212166,-1.73428466908786,-1.032435850192,-1.18581904085201,-0.948100650865537
"S031",9.1101012728177,4.18317282339558,"High","Condition_B",-1.15337873085968,0.00861704335026755,0.410134510024563,-0.117963856977095,-1.4691413838266
"S032",1.75362783949822,0.820313354488462,"Low","Condition_B",0.825665070764953,0.548936440229264,-0.815986357062124,1.17760829585228,2.2984069499918
"S033",7.31187413213775,1.76027595764026,"Intermediate","Condition_B",0.417667620075786,-0.461838862919085,0.459348564346247,1.4359449372068,-1.5974981908349
"S034",0.161572096403688,1.80961137171835,"Low","Condition_B",0.757174447447387,0.950501022605211,-0.0430489869134133,0.492277563913061,0.891542888011146
"S035",5.86115716258064,6.73427552683279,"High","Condition_A",-1.34141948907528,-0.146062251068113,-0.0109420308419321,-0.902492321321295,-0.503936303749106
"S036",4.25818428397179,6.06995479902253,"Intermediate","Condition_A",0.683734089837278,0.163894224733998,0.398855528204607,1.44280547893473,-0.369141110581558
"S037",2.10490977624431,2.5952630629763,"Low","Condition_B",0.604114184582274,0.390147270287929,-0.307751214392577,1.07665498739335,0.813374834321276
"S038",4.77200108347461,5.90362953487784,"Intermediate","Condition_B",-0.470714075828144,0.467041227070299,0.342296315278515,0.186923082720434,-0.0119404142674204
"S039",7.5482327491045,4.08493215683848,"Intermediate","Condition_A",-1.27439423593975,0.0825153656056005,1.6652175191779,-0.579481003589572,1.08747940144376
"S040",4.46829279884696,8.66428900277242,"High","Condition_A",-0.971237061086139,-0.827798401871998,-0.936198812152184,-0.113586387982658,-1.26779524599268
"S041",3.71201802045107,1.08160905074328,"Low","Condition_B",1.29360349864347,0.895551548516621,0.00355561633780795,0.84488350110072,1.77259612673805
"S042",8.74778404599056,3.21889936458319,"High","Condition_A",-0.51825519669862,0.70654165460038,1.87922110765406,-0.361188190388846,0.684891912908395
"S043",4.34597307350487,1.68287327513099,"Low","Condition_A",0.935949756744622,1.61990221476963,0.579158411881209,-1.63762622537898,-0.553968964491502
"S044",4.40136776538566,0.515799163840711,"Low","Condition_B",1.26140502902628,0.921650024798899,-0.23849241623052,0.66410223334191,0.524329644763543
"S045",0.819568333681673,5.53281432949007,"Intermediate","Condition_A",-0.308286346350174,0.153135311451754,0.349698011709819,-1.11189103895032,-0.965765481498788
"S046",0.34619303420186,1.4192115701735,"Low","Condition_B",1.15582923610658,0.440667391223543,0.39786434311852,-0.530303038014486,-1.50688140698758
"S047",9.28651981754228,1.58884574659169,"Intermediate","Condition_A",0.515809206138488,0.916802156675437,-0.0853502772097973,-0.430257813937106,1.8315301639844
"S048",2.94566297205165,7.78809013543651,"Intermediate","Condition_A",-0.623987885811829,-1.28379729696259,-0.984645422058229,0.562621980807807,0.835900071947281
"S049",5.19224287476391,4.43749058060348,"Intermediate","Condition_B",1.04405114723267,2.12581462912794,1.11613867812618,-0.213184594532618,1.07768711408164
"S050",2.36396424937993,1.3152249972336,"Low","Condition_B",2.2631988513445,1.47704777751357,-0.474881028382261,0.247418344364011,-0.314147196382512
"S051",9.71809808630496,5.66444758325815,"High","Condition_A",-1.4139069008298,-1.05340706499928,-0.423024243078682,0.102699398198887,-0.0323991482808993
"S052",6.32511501200497,7.73881137603894,"High","Condition_A",-0.737345535422409,-0.155591192095826,1.44501437771718,-0.731889037721527,-1.0536257893211
"S053",9.58269165828824,4.21214055735618,"High","Condition_B",-1.79773368443677,-0.583219731777561,0.784232353812036,-0.833889307689061,-0.03899305062585
"S054",8.863539788872,0.608305823989213,"Intermediate","Condition_B",-0.0981176064248499,-0.918462916804679,-1.36528617773343,1.00251681832661,0.594746967410134
"S055",5.23183763725683,3.85446432977915,"Intermediate","Condition_B",0.187226659750732,0.0310769224852843,0.175501104949243,1.00981522889285,0.511231713619383
"S056",7.15915634296834,4.62405115133151,"High","Condition_B",-0.742487765949301,0.0713243592282316,0.00506477840548474,-0.936573152101712,-0.287173714645023
"S057",7.40642732940614,0.414238313678652,"Intermediate","Condition_A",0.341582978175932,-0.144955184082141,-0.439071255610998,-0.155085797405742,0.759841538262253
"S058",0.458963238634169,4.10725653171539,"Low","Condition_A",0.513501092308188,0.986080472391407,1.23949230368754,0.140936771104995,1.38381549591539
"S059",9.57792913774028,3.92531022662297,"High","Condition_B",-1.00935730661096,-0.0499645817139188,0.708502632675353,-0.339325105696384,0.230713510820893
"S060",2.01136683113873,6.4235687837936,"Intermediate","Condition_B",1.06606056229984,-0.852661205248821,-0.306610472793744,1.56489815168744,0.0209689908520977
"S061",2.98414198216051,0.359358880668879,"Low","Condition_B",1.76953112240872,0.549258552834387,0.155415832746951,0.64151563649765,1.22967796781662
"S062",8.95572668174282,0.930447664577514,"Intermediate","Condition_B",-0.412607919926405,0.961457361081738,0.122589925237547,0.248492423274114,0.720147597586238
"S063",5.66075772047043,8.75491647049785,"High","Condition_B",-0.743546222969135,-1.56426603258041,-1.46120351350199,1.43670797077059,0.883625896869996
"S064",4.55507984617725,0.0419797515496612,"Low","Condition_B",1.27197552994907,0.0308258545414115,-1.4767507244184,0.733805586606738,-0.735667932108575
"S065",3.99468305287883,1.57853372162208,"Low","Condition_B",0.873426990621346,0.675972132079589,0.674930749732674,1.50100840129975,0.755254729047287
"S066",0.83005030406639,5.08237889036536,"Low","Condition_A",0.157378549163941,1.24460589710752,1.95873302100358,-1.6843337709747,0.954831485786786
"S067",6.30350710358471,5.58911502128467,"High","Condition_B",-0.190996335881424,-0.521941867552225,-1.77319704429336,-0.539795304316655,-0.932412314517647
"S068",4.65094989864156,3.36441316874698,"Intermediate","Condition_A",0.921390283105482,1.437441344487,0.795200542873714,-0.179958281054149,-0.707899557154843
"S069",5.72378459153697,6.9829278648831,"High","Condition_B",-0.534292026582951,-1.08135347359786,-0.315135558932348,0.092212658759845,-0.00729054916470073
"S070",6.62231693277135,2.84729856764898,"Intermediate","Condition_B",0.136860765782222,0.457004645694621,0.0434314455848617,-0.585710902111181,-0.40941988643091
"S071",8.77908266149461,5.02168753184378,"High","Condition_A",-0.927455425274664,-0.35537811640849,-0.746210713936649,-0.895642018007634,-0.807127561455782
"S072",3.78936987137422,6.41522181918845,"Intermediate","Condition_B",-0.464006959137193,-0.0362339927520989,-0.805634893923713,-0.362830313014997,0.50350030439152
